species,n_detections,n_total,freq_occurrence,rank
sylvia_atricapilla,4748,7033,0.6751030854542869,1
fringilla_coelebs,4437,7033,0.6308829802360302,2
turdus_merula,4370,7033,0.6213564623915825,3
parus_major,3898,7033,0.5542442769799517,4
columba_palumbus,3084,7033,0.43850419451158823,5
cyanistes_caeruleus,2643,7033,0.3757998009384331,6
phylloscopus_collybita,2637,7033,0.3749466799374378,7
troglodytes_troglodytes,2560,7033,0.363998293757998,8
erithacus_rubecula,2480,7033,0.3526233470780606,9
corvus_corone,1661,7033,0.23617233044220104,10
sturnus_vulgaris,1654,7033,0.23517702260770654,11
passer_domesticus,1647,7033,0.234181714773212,12
luscinia_megarhynchos,1518,7033,0.2158396132518129,13
turdus_philomelos,1258,7033,0.17887103654201622,14
certhia_brachydactyla,1197,7033,0.1701976396985639,15
alauda_arvensis,1191,7033,0.1693445186975686,16
streptopelia_decaocto,1183,7033,0.16820702402957485,17
dendrocopos_major,1079,7033,0.1534195933456562,18
carduelis_chloris,1050,7033,0.14929617517417887,19
pica_pica,1042,7033,0.14815868050618514,20
phoenicurus_ochruros,1006,7033,0.14303995450021328,21
sylvia_communis,970,7033,0.13792122849424143,22
garrulus_glandarius,934,7033,0.13280250248826958,23
carduelis_carduelis,799,7033,0.11360727996587516,24
sitta_europaea,749,7033,0.10649793829091427,25
prunella_modularis,688,7033,0.09782454144746197,26
hippolais_polyglotta,668,7033,0.09498080477747761,27
emberiza_cirlus,642,7033,0.09128394710649794,28
emberiza_citrinella,622,7033,0.08844021043651358,29
hirundo_rustica,574,7033,0.08161524242855112,30
motacilla_alba,568,7033,0.0807621214275558,31
regulus_ignicapilla,550,7033,0.07820275842456989,32
saxicola_rubicola,542,7033,0.07706526375657614,33
streptopelia_turtur,538,7033,0.07649651642257926,34
carduelis_cannabina,533,7033,0.07578558225508318,35
serinus_serinus,501,7033,0.07123560358310821,36
picus_viridis,497,7033,0.07066685624911133,37
turdus_viscivorus,392,7033,0.05573723873169344,38
anthus_trivialis,380,7033,0.05403099672970283,39
periparus_ater,159,7033,0.022607706526375657,40
