column,sum,frequency
alauda_arvensis,1191,0.16917613636363638
anthus_trivialis,381,0.054119318181818185
carduelis_cannabina,535,0.07599431818181818
carduelis_carduelis,803,0.1140625
carduelis_chloris,1053,0.14957386363636363
certhia_brachydactyla,1197,0.17002840909090908
columba_palumbus,3089,0.4387784090909091
corvus_corone,1661,0.2359375
cyanistes_caeruleus,2645,0.3757102272727273
dendrocopos_major,1079,0.15326704545454545
emberiza_cirlus,642,0.09119318181818181
emberiza_citrinella,622,0.08835227272727272
erithacus_rubecula,2482,0.35255681818181817
fringilla_coelebs,4442,0.6309659090909091
garrulus_glandarius,936,0.13295454545454546
hippolais_polyglotta,669,0.0950284090909091
hirundo_rustica,576,0.08181818181818182
luscinia_megarhynchos,1519,0.21576704545454545
motacilla_alba,569,0.08082386363636364
parus_major,3903,0.5544034090909091
passer_domesticus,1649,0.23423295454545454
periparus_ater,159,0.022585227272727274
phoenicurus_ochruros,1006,0.14289772727272726
phylloscopus_collybita,2641,0.37514204545454544
pica_pica,1046,0.14857954545454546
picus_viridis,497,0.07059659090909091
prunella_modularis,691,0.0981534090909091
regulus_ignicapilla,550,0.078125
saxicola_rubicola,542,0.07698863636363637
serinus_serinus,503,0.07144886363636363
sitta_europaea,749,0.10639204545454546
streptopelia_decaocto,1186,0.16846590909090908
streptopelia_turtur,541,0.0768465909090909
sturnus_vulgaris,1656,0.23522727272727273
sylvia_atricapilla,4750,0.6747159090909091
sylvia_communis,970,0.1377840909090909
troglodytes_troglodytes,2562,0.3639204545454545
turdus_merula,4375,0.6214488636363636
turdus_philomelos,1258,0.1786931818181818
turdus_viscivorus,392,0.05568181818181818
